3005,1x1 Brick,BA
3004,1x2 Brick,BA
3622,1x3 Brick,BA
3010,1x4 Brick,BA
3009,1x6 Brick,BA
3008,1x8 Brick,BA
6111,1x10 Brick,BA
6112,1x12 Brick,BA
2465,1x16 Brick,BA
2357,2x2 Corner Brick,BA
3003,2x2 Brick,BA
3002,2x3 Brick,BA
3001,2x4 Brick,BA
2456,2x6 Brick,BA
3007,2x8 Brick,BA
3006,2x10 Brick,BA
14716,1x1x3 Brick,BA
2453,1x1x5 Brick,BA
43888,1x1x6 Round Brick,BA
3245,1x2x2 Brick,BA
22886,1x2x3 Brick,BA
49311,1x4x3 Brick,BA
2454,1x2x5 Brick,BA
30145,2x2x3 Brick,BA
30144,2x4x3 Brick,BA
3065,1x2 w/out Bottom Tube Brick,BA
3066,1x4 w/out Bottom Tubes Brick,BA
46212,1x2x5 w/out Support Brick,BA
3024,1x1 Plate,BA
3023,1x2 Plate,BA
3623,1x3 Plate,BA
3710,1x4 Plate,BA
78329,1x5 Plate,BA
3666,1x6 Plate,BA
3460,1x8 Plate,BA
4477,1x10 Plate,BA
60479,1x12 Plate,BA
3022,2x2 Plate,BA
3021,2x3 Plate,BA
3020,2x4 Plate,BA
3795,2x6 Plate,BA
3034,2x8 Plate,BA
3832,2x10 Plate,BA
2445,2x12 Plate,BA
91988,2x14 Plate,BA
4282,2x16 Plate,BA
11212,3x3 Plate,BA
3031,4x4 Plate,BA
3032,4x6 Plate,BA
3035,4x8 Plate,BA
3030,4x10 Plate,BA
3029,4x12 Plate,BA
3958,6x6 Plate,BA
3036,6x8 Plate,BA
3033,6x10 Plate,BA
3028,6x12 Plate,BA
3456,6x14 Plate,BA
3027,6x16 Plate,BA
41539,8x8 Plate,BA
92438,8x16 Plate,BA
91405,16x16 Plate,BA
2420,2x2 Corner Plate,BA
15397,3x3 Cross Plate,BA
73831,2x3 Plate w/ Cutout Plates,BA
2639,4x4 Corner Plates,BA
64799,4x4 w/ 2x2 Cutout Plates,BA
15624,8x8x2/3 w/ Studs Plates,BA
71772,8x16x2/3 w/ Recessed Studs Plates,BA
69958,16x16x2/3 w/ Recessed Studs Plate,BA
92593,1x4 w/ 2 Studs w/o Groove Plate,BA
41740,1x4 w/ 2 Studs w/ Groove Plate,BA
33909,2x2 w/ Studs Edge Plate,BA
6179,4x4 w/ Studs Edge Plate,BA
6180,4x6 w/ Studs Edges Plate,BA
6178,6x12 w/ Studs Edges Plates,BA
6205,6x16 w/ Studs Edges Plates,BA
88646,3x4 w/ Studs Center Plate,BA
4151,8x8 w/ Grille Plate,BA
3070,1x1 Tile,BA
3069,1x2 Tile,BA
63864,1x3 Tile,BA
2431,1x4 Tile,BA
6636,1x6 Tile,BA
4162,1x8 Tile,BA
14719,2x2 Corner Tile,BA
3068,2x2 Tile,BA
26603,2x3 Tile,BA
87079,2x4 Tile,BA
69729,2x6 Tile,BA
10202,6x6 Tile,BA
11203,2x2 Inverted Tile,BA
35459,1x3 Inverted w/ Hole Tile,BA
